{
    "ModSettings": {
        "include_hotbar_modifier": {
            "main": {
                "keys": ""
            }
        },
        "move_all_modifier": {
            "main": {
                "keys": ""
            }
        },
        "move_focus_mach_modifier": {
            "main": {
                "keys": ""
            }
        },
        "move_just_refill_modifier": {
            "main": {
                "keys": ""
            }
        },
        "highlight_foused_items": {
            "value": false
        },
        "enable_lock_slots": {
            "value": false
        },
        "highlight_clicking_slot": false,
        "first_run": false
    },
    "GuiSettings": {
        "enable_inventory_editor_button": {
            "value": false
        },
        "enable_inventory_settings_button": {
            "value": false
        }
    },
    "LockedSlotsSettings": {
        "locked_slots_disable_quick_move_throw": false,
        "locked_slots_disable_throw_for_non_stackable": false,
        "lock_slots_switch_config_modifier": {
            "main": {
                "keys": ""
            }
        },
        "lock_slots_config_key": {
            "main": {
                "keys": ""
            }
        },
        "show_locked_slots_background": {
            "value": false
        },
        "show_locked_slots_foreground": {
            "value": false
        },
        "also_show_locked_slots_in_hotbar": {
            "value": false
        }
    },
    "Hotkeys": {
        "open_config_menu": {
            "main": {
                "keys": "Z,X"
            }
        },
        "move_all_items": {
            "main": {
                "keys": ""
            }
        },
        "throw_all_items": {
            "main": {
                "keys": ""
            }
        },
        "scroll_to_chest": {
            "main": {
                "keys": ""
            }
        },
        "scroll_to_inventory": {
            "main": {
                "keys": ""
            }
        },
        "open_gui_editor": {
            "main": {
                "keys": ""
            }
        },
        "apply_profile": {
            "main": {
                "keys": ""
            }
        },
        "next_profile": {
            "main": {
                "keys": ""
            }
        },
        "prev_profile": {
            "main": {
                "keys": ""
            }
        },
        "profile_1": {
            "main": {
                "keys": ""
            }
        },
        "profile_2": {
            "main": {
                "keys": ""
            }
        },
        "profile_3": {
            "main": {
                "keys": ""
            }
        },
        "save_as_profile": {
            "main": {
                "keys": ""
            }
        }
    }
}