{
  "custom_properties": {
    "xpOnHit": 3,
    "level1": {
      "tier": 1,
      "chiCost": 1.5,
      "cooldown": 45,
      "exhaustion": 0.5,
      "burnOut": 10,
      "burnOutRecoverTick": 0.25,
      "performanceAmount": 10,
      "lifeTime": 20,
      "size": 1.0,
      "speed": 35,
      "chiOnHit": 0.25,
      "knockback": 2,
      "pushRedstone": true,
      "pushStoneButton": false,
      "pushIronDoor": false,
      "pushIronTrapDoor": false,
      "piercesEnemies": false,
      "slowProjectiles": false,
      "destroyProjectiles": false
    },
    "level2": {
      "tier": 1,
      "chiCost": 2.0,
      "cooldown": 35,
      "exhaustion": 1.0,
      "burnOut": 7.5,
      "burnOutRecoverTick": 0.25,
      "performanceAmount": 11,
      "lifeTime": 30,
      "size": 1.25,
      "speed": 40,
      "chiOnHit": 0.5,
      "knockback": 2.125,
      "pushStoneButton": true
    },
    "level3": {
      "tier": 2,
      "chiCost": 3.0,
      "cooldown": 30,
      "exhaustion": 1.5,
      "burnOut": 10.0,
      "burnOutRecoverTick": 0.25,
      "performanceAmount": 13,
      "lifeTime": 40,
      "size": 1.5,
      "speed": 42.5,
      "chiOnHit": 0.65,
      "knockback": 2.25,
      "pushStoneButton": true,
      "pushIronDoor": true,
      "pushIronTrapDoor": true
    },
    "level4_1": {
      "tier": 3,
      "chiCost": 3.5,
      "cooldown": 40,
      "exhaustion": 2.5,
      "burnOut": 20.0,
      "burnOutRecoverTick": 0.5,
      "performanceAmount": 6,
      "lifeTime": 35,
      "size": 0.75,
      "speed": 47.5,
      "chiOnHit": 0.75,
      "knockback": 3.0,
      "destroyProjectiles": true,
      "piercesEnemies": true
    },
    "level4_2": {
      "tier": 3,
      "chiCost": 5.0,
      "cooldown": 50,
      "exhaustion": 3.5,
      "burnOut": 25.0,
      "burnOutRecoverTick": 0.75,
      "performanceAmount": 2,
      "lifeTime": 50,
      "size": 2,
      "speed": 32.5,
      "knockback": 2.25,
      "chiOnHit": 0.5,
      "slowProjectiles": true,
      "destroyProjectiles": false
    }
  }
}