{
  "custom_properties": {
    "xpOnHit": 2,
    "level1": {
      "tier": 4,
      "chiCost": 3.0,
      "cooldown": 125,
      "exhaustion": 3.0,
      "burnOut": 15.0,
      "burnOutRecoverTick": 0.056,
      "performanceAmount": 20,
      "lifeTime": 30,
      "size": 1.0,
      "speed": 6,
      "knockback": 2,
      "chiOnHit": 1.5,
      "damage": 6,
      "chargeTime": 60,
      "effectRadius": 3,
      "effectDamage": 4,
      "blastLevel": 4,
      "weaknessLevel": 0,
      "weaknessDuration": 0,
      "slownessLevel": 0,
      "slownessDuration": 0,
      "blindnessLevel": 0,
      "blindnessDuration": 0,
      "slowMult": 0.55,
      "suctionStrength": 0,
      "pullsEnemies": false,
      "potionEffects": false
    },
    "level2": {
      "tier": 4,
      "chiCost": 3.25,
      "cooldown": 180,
      "exhaustion": 3.25,
      "burnOut": 20.0,
      "burnOutRecoverTick": 0.083,
      "performanceAmount": 25,
      "lifeTime": 35,
      "size": 1.25,
      "speed": 7,
      "knockback": 3,
      "chiOnHit": 1.625,
      "damage": 7,
      "chargeTime": 50,
      "effectRadius": 4,
      "effectDamage": 4,
      "blastLevel": 3,
      "slowMult": 0.65
    },
    "level3": {
      "tier": 5,
      "chiCost": 3.5,
      "cooldown": 165,
      "exhaustion": 3.0,
      "burnOut": 25.0,
      "burnOutRecoverTick": 0.11,
      "performanceAmount": 30,
      "lifeTime": 40,
      "size": 1.5,
      "speed": 9,
      "knockback": 3.5,
      "chiOnHit": 1.75,
      "damage": 8,
      "chargeTime": 40,
      "effectRadius": 5,
      "effectDamage": 5,
      "blastLevel": 2,
      "slowMult": 0.7
    },
    "level4_1": {
      "tier": 6,
      "chiCost": 3.75,
      "cooldown": 150,
      "exhaustion": 3.5,
      "burnOut": 30.0,
      "burnOutRecoverTick": 0.15,
      "performanceAmount": 40,
      "lifeTime": 60,
      "size": 1.75,
      "speed": 18,
      "knockback": 6,
      "chiOnHit": 1.875,
      "damage": 15,
      "chargeTime": 30,
      "effectRadius": 6,
      "effectDamage": 6,
      "blastLevel": 1,
      "slowMult": 0.65,
      "potionEffects": true,
      "weaknessLevel": 2,
      "weaknessDuration": 20,
      "slownessLevel": 3,
      "slownessDuration": 5,
      "blindnessLevel": 2,
      "blindnessDuration": 10
    },
    "level4_2": {
      "tier": 6,
      "chiCost": 4.0,
      "cooldown": 140,
      "exhaustion": 4.0,
      "burnOut": 35.0,
      "burnOutRecoverTick": 0.18,
      "performanceAmount": 35,
      "lifeTime": 40,
      "size": 2,
      "speed": 12,
      "knockback": 5,
      "chiOnHit": 2.0,
      "damage": 10,
      "chargeTime": 20,
      "effectRadius": 8,
      "effectDamage": 6,
      "blastLevel": 0,
      "slowMult": 0.8,
      "weaknessLevel": 0,
      "weaknessDuration": 0,
      "slownessLevel": 0,
      "slownessDuration": 0,
      "blindnessLevel": 0,
      "blindnessDuration": 0,
      "suctionStrength": 0.05,
      "pullsEnemies": true,
      "potionEffects": false
    }
  }
}