{
  "custom_properties": {
    "xpOnUse": 2,
    "level1": {
      "tier": 5,
      "chiCost": 5,
      "cooldown": 100,
      "exhaustion": 4.0,
      "burnOut": 20.0,
      "burnOutRecoverTick": 0.1,
      "duration": 40,
      "radius": 3,
      "powerrating": 10,
      "regenDuration": 40,
      "regenLevel": 0,
      "speedDuration": 0,
      "speedLevel": -1,
      "saturationDuration": 0,
      "saturationLevel": -1,
      "instantHealthLevel": -1,
      "sourceRange": 3,
      "sourceAngles": 45,
      "highestLevelCleansed": -1,
      "waterLevel": 3,
      "absorptionDuration": 0,
      "absorptionLevel": -1,
      "plantbend": false
    },
    "level2": {
      "tier": 5,
      "chiCost": 4.75,
      "cooldown": 100,
      "exhaustion": 3.75,
      "burnOut": 15.0,
      "burnOutRecoverTick": 0.1,
      "duration": 60,
      "radius": 5,
      "powerrating": 20,
      "regenDuration": 60,
      "regenLevel": 0,
      "speedDuration": 60,
      "speedLevel": 0,
      "sourceRange": 5,
      "highestLevelCleansed": 0,
      "waterLevel": 4
    },
    "level3": {
      "tier": 6,
      "chiCost": 4.5,
      "cooldown": 140,
      "exhaustion": 3.5,
      "burnOut": 15.0,
      "burnOutRecoverTick": 0.075,
      "duration": 100,
      "radius": 7,
      "powerrating": 40,
      "regenDuration": 100,
      "regenLevel": 1,
      "speedDuration": 100,
      "speedLevel": 0,
      "saturationDuration": 80,
      "saturationLevel": 0,
      "sourceRange": 7,
      "highestLevelCleansed": 1,
      "absorptionDuration": 80,
      "absorptionLevel": 0,
      "plantbend": true
    },
    "level4_1": {
      "tier": 7,
      "chiCost": 4.25,
      "cooldown": 180,
      "burnOut": 25.0,
      "burnOutRecoverTick": 0.1,
      "duration": 140,
      "radius": 9,
      "powerrating": 50,
      "regenDuration": 140,
      "regenLevel": 2,
      "speedDuration": 140,
      "speedLevel": 0,
      "saturationDuration": 120,
      "saturationLevel": 1,
      "instantHealthLevel": 0,
      "sourceRange": 9,
      "highestLevelCleansed": 3,
      "waterLevel": 5,
      "absorptionDuration": 140,
      "absorptionLevel": 1
    },
    "level4_2": {
      "tier": 7,
      "chiCost": 4.5,
      "cooldown": 160,
      "burnOut": 20.0,
      "burnOutRecoverTick": 0.1,
      "duration": 120,
      "radius": 7,
      "powerrating": 100,
      "regenDuration": 120,
      "regenLevel": 1,
      "speedDuration": 120,
      "speedLevel": 1,
      "saturationDuration": 80,
      "saturationLevel": 0,
      "instantHealthLevel": -1,
      "sourceRange": 7,
      "highestLevelCleansed": 1,
      "absorptionDuration": 0,
      "absorptionLevel": -1
    }
  }
}