{
  "custom_properties": {
    "xpOnHit": 2,
    "level1": {
      "tier": 3,
      "chiCost": 3.0,
      "cooldown": 60,
      "exhaustion": 2.0,
      "burnOut": 16.0,
      "burnOutRecoverTick": 0.19,
      "performanceAmount": 12,
      "lifeTime": 20,
      "size": 0.5,
      "speed": 7,
      "knockback": 0.75,
      "chiOnHit": 1,
      "damage": 2,
      "pushRedstone": true,
      "pushStoneButton": false,
      "pushIronDoor": false,
      "pushIronTrapDoor": false,
      "chiSmash": false,
      "absorb": false
    },
    "level2": {
      "tier": 3,
      "chiCost": 3.25,
      "cooldown": 50,
      "exhaustion": 2.5,
      "burnOut": 19.0,
      "burnOutRecoverTick": 0.28,
      "performanceAmount": 15,
      "lifeTime": 25,
      "size": 0.75,
      "speed": 10,
      "knockback": 1,
      "chiOnHit": 1.25,
      "damage": 3,
      "pushStoneButton": true
    },
    "level3": {
      "tier": 4,
      "chiCost": 3.5,
      "cooldown": 40,
      "exhaustion": 3.0,
      "burnOut": 25.0,
      "burnOutRecoverTick": 0.4,
      "performanceAmount": 20,
      "lifeTime": 30,
      "size": 1.0,
      "speed": 12,
      "knockback": 2,
      "chiOnHit": 1.5,
      "damage": 4,
      "pushIronDoor": true,
      "pushIronTrapDoor": true
    },
    "level4_1": {
      "tier": 5,
      "chiCost": 3.75,
      "cooldown": 35,
      "exhaustion": 3.5,
      "burnOut": 25.0,
      "burnOutRecoverTick": 0.5,
      "performanceAmount": 22,
      "lifeTime": 35,
      "size": 1.25,
      "speed": 17,
      "knockback": 5,
      "chiOnHit": 2,
      "damage": 6,
      "chiSmash": true
    },
    "level4_2": {
      "tier": 5,
      "chiCost": 4.0,
      "cooldown": 30,
      "exhaustion": 4.0,
      "burnOut": 30.0,
      "burnOutRecoverTick": 0.5,
      "performanceAmount": 25,
      "lifeTime": 40,
      "size": 1.5,
      "speed": 15,
      "knockback": 6,
      "chiOnHit": 2.0,
      "damage": 5,
      "chiSmash": false,
      "absorb": true
    }
  }
}