
{
  "custom_properties": {
    "xpOnHit": 2,
    "xpOnUse": 2,
    "level1": {
      "tier": 1,
      "chiCost": 4.0,
      "cooldown": 80,
      "exhaustion": 2.0,
      "burnOut": 10.0,
      "burnOutRecoverTick": 0.5,
      "performanceAmount": 20,
      "lifeTime": 20,
      "size": 1.0,
      "speed": 4,
      "knockback": 2,
      "chiOnHit": 1.5,
      "damage": 4,
      "radius": 2,
      "range": 4,
      "blockHits": 1,
      "boomerang": false,
      "explosion": false,
      "turnSolid": true

    },
    "level2": {
      "tier": 1,
      "chiCost": 3.5,
      "cooldown": 70,
      "exhaustion": 2.5,
      "burnOut": 12.5,
      "burnOutRecoverTick": 0.75,
      "performanceAmount": 25,
      "lifeTime": 25,
      "size": 1.0,
      "speed": 5,
      "knockback": 3,
      "chiOnHit": 1.5,
      "damage": 4,
      "radius": 3,
      "range": 4
    },
    "level3": {
      "tier": 2,
      "chiCost": 3.0,
      "cooldown": 65,
      "exhaustion": 3.0,
      "burnOut": 15.0,
      "burnOutRecoverTick": 0.75,
      "performanceAmount": 30,
      "lifeTime": 30,
      "size": 1.0,
      "speed": 6,
      "knockback": 4,
      "chiOnHit": 1.5,
      "damage": 5,
      "radius": 3,
      "range": 5
    },
    "level4_1": {
      "tier": 3,
      "chiCost": 3.0,
      "cooldown": 60,
      "exhaustion": 3.0,
      "burnOut": 17.5,
      "burnOutRecoverTick": 1.0,
      "performanceAmount": 35,
      "lifeTime": 35,
      "size": 1.0,
      "speed": 7,
      "knockback": 5,
      "chiOnHit": 1.5,
      "damage": 3,
      "blockHits": 2,
      "radius": 4,
      "range": 6,
      "boomerang": true
    },
    "level4_2": {
      "tier": 3,
      "chiCost": 2.5,
      "cooldown": 60,
      "exhaustion": 3.0,
      "burnOut": 17.5,
      "burnOutRecoverTick": 1.0,
      "performanceAmount": 40,
      "lifeTime": 40,
      "size": 1.0,
      "speed": 10,
      "knockback": 10,
      "chiOnHit": 2.0,
      "damage": 4,
      "blockHits": 1,
      "radius": 5,
      "range": 5,
      "boomerang": false,
      "turnSolid": false,
      "explosion": true
    }
  }
}