{
  "custom_properties": {
    "xpOnHit": 2,
    "level1": {
      "tier": 3,
      "chiCost": 3.0,
      "cooldown": 70,
      "exhaustion": 2.0,
      "burnOut": 25.0,
      "burnOutRecoverTick": 0.26,
      "performanceAmount": 20,
      "lifeTime": 30,
      "size": 0.75,
      "speed": 5,
      "knockback": 1,
      "chiOnHit": 1.5,
      "damage": 3,
      "range": 5,
      "chargeTime": 40,
      "maxDamage": 6,
      "maxSize": 1.25,
      "spreadCircular": false,
      "radius": 1,
      "traceSpikes": false
    },
    "level2": {
      "tier": 3,
      "chiCost": 3.5,
      "cooldown": 75,
      "exhaustion": 2.5,
      "burnOut": 27.0,
      "burnOutRecoverTick": 0.27,
      "performanceAmount": 25,
      "lifeTime": 35,
      "size": 1.0,
      "speed": 7,
      "knockback": 2,
      "chiOnHit": 1.625,
      "damage": 4,
      "range": 8,
      "chargeTime": 50,
      "maxDamage": 8,
      "maxSize": 1.5,
      "radius": 3.5
    },
    "level3": {
      "tier": 4,
      "chiCost": 3.7,
      "cooldown": 80,
      "exhaustion": 3.0,
      "burnOut": 30.0,
      "burnOutRecoverTick": 0.28,
      "performanceAmount": 30,
      "lifeTime": 40,
      "size": 1.25,
      "speed": 9,
      "knockback": 3,
      "chiOnHit": 1.75,
      "damage": 5,
      "range": 10,
      "chargeTime": 55,
      "maxDamage": 10,
      "maxSize": 1.75,
      "radius": 4,
      "traceSpikes": true
    },
    "level4_1": {
      "tier": 5,
      "chiCost": 4.0,
      "cooldown": 98,
      "exhaustion": 3.9,
      "burnOut": 36.0,
      "burnOutRecoverTick": 0.27,
      "performanceAmount": 31,
      "lifeTime": 75,
      "size": 1.25,
      "speed": 11,
      "knockback": 4,
      "chiOnHit": 1.875,
      "damage": 4,
      "range": 12,
      "chargeTime": 65,
      "maxDamage": 9,
      "maxSize": 1.5,
      "spreadCircular": true,
      "radius": 2,
      "traceSpikes": false
    },
    "level4_2": {
      "tier": 5,
      "chiCost": 4.3,
      "cooldown": 90,
      "exhaustion": 3.6,
      "burnOut": 33.0,
      "burnOutRecoverTick": 0.27,
      "performanceAmount": 38,
      "lifeTime": 80,
      "size": 1.5,
      "speed": 13,
      "knockback": 5,
      "chiOnHit": 2.0,
      "damage": 7,
      "range": 15,
      "chargeTime": 60,
      "maxDamage": 15,
      "maxSize": 2.0,
      "spreadCircular": false,
      "radius": 4.5,
      "traceSpikes": true
    }
  }
}