{
  "custom_properties": {
    "xpOnUse": 4,
    "xpOnHit": 2,
    "level1": {
      "tier": 3,
      "chiCost": 2.5,
      "cooldown": 40,
      "exhaustion": 2.0,
      "burnOut": 10.0,
      "burnOutRecoverTick": 0.5,
      "redirectTier": 2,
      "destroyTier": 1,
      "aimAssist": 0.5,
      "range": 2,
      "radius": 0.5,
      "powerBoost": 10,
      "powerDuration": 50,
      "absorbTier": 0,
      "damage": 1,
      "speed": 3,
      "knockback": 1,
      "chiOnHit": 0.5
    },
    "level2": {
      "tier": 3,
      "chiCost": 3.25,
      "cooldown": 35,
      "exhaustion": 2.5,
      "burnOut": 15.0,
      "burnOutRecoverTick": 0.75,
      "redirectTier": 2,
      "destroyTier": 2,
      "aimAssist": 0.75,
      "range": 2.5,
      "radius": 1,
      "damage": 2,
      "speed": 4,
      "knockback": 2,
      "powerBoost": 15,
      "powerDuration": 60,
      "chiOnHit": 1
    },
    "level3": {
      "tier": 4,
      "chiCost": 3.5,
      "cooldown": 30,
      "exhaustion": 3.0,
      "burnOut": 20.0,
      "burnOutRecoverTick": 1.0,
      "redirectTier": 4,
      "destroyTier": 3,
      "aimAssist": 1,
      "range": 3,
      "radius": 2,
      "damage": 2.5,
      "speed": 5,
      "knockback": 2,
      "powerBoost": 25,
      "powerDuration": 80,
      "chiOnHit": 1.25
    },
    "level4_1": {
      "tier": 5,
      "chiCost": 3.75,
      "cooldown": 20,
      "exhaustion": 3.5,
      "burnOut": 25.0,
      "burnOutRecoverTick": 1.25,
      "redirectTier": 6,
      "destroyTier": 4,
      "aimAssist": 1.5,
      "range": 6,
      "radius": 3,
      "powerBoost": 40,
      "powerDuration": 120,
      "absorbTier": 3,
      "damage": 3,
      "speed": 6,
      "knockback": 2,
      "chiOnHit": 1.5
    },
    "level4_2": {
      "tier": 5,
      "chiCost": 4.0,
      "cooldown": 35,
      "exhaustion": 4.0,
      "burnOut": 30.0,
      "burnOutRecoverTick": 1.5,
      "redirectTier": 5,
      "destroyTier": 6,
      "aimAssist": 0.5,
      "range": 5,
      "radius": 1.5,
      "powerBoost": 31,
      "powerDuration": 100,
      "damage": 3.5,
      "speed": 7,
      "knockback": 3,
      "chiOnHit": 1.75
    }
  }
}