{
  "custom_properties": {
    "xpOnHit": 2,
    "level1": {
      "tier": 3,
      "chiCost": 2.0,
      "cooldown": 110,
      "exhaustion": 2.0,
      "burnOut": 16.0,
      "burnOutRecoverTick": 0.14,
      "performanceAmount": 12,
      "fireTime": 1,
      "lifeTime": 20,
      "size": 0.5,
      "speed": 5,
      "knockback": 0.75,
      "chiOnHit": 0.9,
      "damage": 4,
      "explosionSize": 1,
      "explosionDamage": 1,
      "maxSize": 0,
      "maxBurnout": 16.0,
      "maxExhaustion": 2.0,
      "maxDamage": 4,
      "fireR": 255,
      "fireG": 95,
      "fireB": 14,
      "fadeR": 255,
      "fadeG": 95,
      "fadeB": 14,
      "fireballs": 1
    },
    "level2": {
      "tier": 3,
      "chiCost": 3.25,
      "cooldown": 100,
      "exhaustion": 2.5,
      "burnOut": 19.0,
      "burnOutRecoverTick": 0.18,
      "performanceAmount": 15,
      "fireTime": 3,
      "lifeTime": 25,
      "size": 0.75,
      "speed": 7,
      "knockback": 1,
      "chiOnHit": 1.1,
      "damage": 5,
      "explosionSize": 1.5,
      "explosionDamage": 2,
      "fadeR": 253,
      "fadeG": 80,
      "fadeB": 16
    },
    "level3": {
      "tier": 4,
      "chiCost": 3.5,
      "cooldown": 95,
      "exhaustion": 3.0,
      "burnOut": 25.0,
      "burnOutRecoverTick": 0.2,
      "performanceAmount": 20,
      "fireTime": 5,
      "lifeTime": 30,
      "size": 1.0,
      "speed": 10,
      "knockback": 2,
      "chiOnHit": 1.25,
      "damage": 7,
      "explosionSize": 2,
      "explosionDamage": 2,
      "fadeR": 252,
      "fadeG": 65,
      "fadeB": 18
    },
    "level4_1": {
      "tier": 5,
      "chiCost": 3.75,
      "cooldown": 80,
      "exhaustion": 3.5,
      "burnOut": 25.0,
      "burnOutRecoverTick": 0.3,
      "performanceAmount": 25,
      "fireTime": 6,
      "lifeTime": 35,
      "size": 0.5,
      "speed": 11,
      "knockback": 2.5,
      "chiOnHit": 1.875,
      "damage": 7,
      "explosionSize": 2.5,
      "explosionDamage": 2,
      "fadeR": 250,
      "fadeG": 50,
      "fadeB": 20,
      "fireballs": 3
    },
    "level4_2": {
      "tier": 5,
      "chiCost": 4.0,
      "cooldown": 90,
      "exhaustion": 4.0,
      "burnOut": 33.0,
      "burnOutRecoverTick": 0.35,
      "performanceAmount": 30,
      "fireTime": 7,
      "lifeTime": 40,
      "size": 1.125,
      "speed": 13,
      "knockback": 3,
      "chiOnHit": 1.9,
      "damage": 8.75,
      "chargeTime": 140,
      "maxSize": 2.0,
      "maxBurnout": 60,
      "maxExhaustion": 7.0,
      "maxDamage": 15,
      "explosionSize": 3,
      "explosionDamage": 3,
      "fadeR": 250,
      "fadeG": 48,
      "fadeB": 20,
      "fireballs": 1
    }
  }
}