{
  "custom_properties": {
    "xpOnHit": 2,
    "level1": {
      "tier": 1,
      "chiCost": 3.0,
      "cooldown": 60,
      "exhaustion": 2.0,
      "burnOut": 10.0,
      "burnOutRecoverTick": 0.16,
      "performanceAmount": 15,
      "fireTime": 2,
      "lifeTime": 60,
      "size": 0.25,
      "speed": 5,
      "knockback": 0.2,
      "chiOnHit": 1.4,
      "damage": 2,
      "fireR": 255,
      "fireG": 95,
      "fireB": 14,
      "fadeR": 255,
      "fadeG": 95,
      "fadeB": 14,
      "effectRadius": 0,
      "smelts": true,
      "setsFires": true,
      "trailingFire": false,
      "reflect": false,
      "shockwave": false
    },
    "level2": {
      "tier": 1,
      "chiCost": 3.25,
      "cooldown": 55,
      "exhaustion": 2.5,
      "burnOut": 13.0,
      "burnOutRecoverTick": 0.23,
      "performanceAmount": 20,
      "fireTime": 3,
      "lifeTime": 70,
      "size": 0.35,
      "speed": 6,
      "knockback": 0.5,
      "chiOnHit": 1.6,
      "damage": 2.5,
      "fadeR": 253,
      "fadeG": 80,
      "fadeB": 16
    },
    "level3": {
      "tier": 2,
      "chiCost": 3.5,
      "cooldown": 50,
      "exhaustion": 3.0,
      "burnOut": 15.0,
      "burnOutRecoverTick": 0.29,
      "performanceAmount": 25,
      "fireTime": 4,
      "lifeTime": 80,
      "size": 0.4,
      "speed": 7,
      "knockback": 1,
      "chiOnHit": 1.7,
      "damage": 3,
      "fadeR": 252,
      "fadeG": 65,
      "fadeB": 18
    },
    "level4_1": {
      "tier": 3,
      "chiCost": 3.75,
      "cooldown": 40,
      "exhaustion": 3.5,
      "burnOut": 20.0,
      "burnOutRecoverTick": 0.49,
      "performanceAmount": 30,
      "fireTime": 5,
      "lifeTime": 100,
      "size": 0.45,
      "speed": 12,
      "knockback": 3,
      "chiOnHit": 1.8,
      "damage": 7,
      "fadeR": 250,
      "fadeG": 50,
      "fadeB": 20,
      "trailingFire": true,
      "reflect": true
    },
    "level4_2": {
      "tier": 3,
      "chiCost": 4.0,
      "cooldown": 47,
      "exhaustion": 4.0,
      "burnOut": 25.0,
      "burnOutRecoverTick": 0.5,
      "performanceAmount": 35,
      "fireTime": 5,
      "lifeTime": 45,
      "size": 1.0,
      "speed": 8,
      "knockback": 2,
      "chiOnHit": 1.9,
      "damage": 4,
      "fadeR": 250,
      "fadeG": 48,
      "fadeB": 20,
      "effectRadius": 5.5,
      "shockwave": true,
      "trailingFire": false,
      "reflect": false
    }
  }
}