{
  "custom_properties": {
    "xpOnHit": 2,
    "level1": {
      "tier": 2,
      "chiCost": 1.75,
      "cooldown": 100,
      "exhaustion": 2.0,
      "burnOut": 10.0,
      "burnOutRecoverTick": 0.5,
      "performanceAmount": 4,
      "fireTime": 1,
      "lifeTime": 10,
      "size": 0.5,
      "speed": 5,
      "knockback": 0.25,
      "chiOnHit": 0.125,
      "damage": 0.5,
      "randomness": 3.0,
      "particles": 1,
      "fireR": 255,
      "fireG": 15,
      "fireB": 5,
      "fadeR": 255,
      "fadeG": 15,
      "fadeB": 5,
      "smelts": true,
      "setsFires": false
    },
    "level2": {
      "tier": 2,
      "chiCost": 2.0,
      "cooldown": 120,
      "exhaustion": 2.5,
      "burnOut": 0.75,
      "performanceAmount": 5,
      "fireTime": 2,
      "lifeTime": 12,
      "size": 0.75,
      "speed": 7,
      "knockback": 0.25,
      "chiOnHit": 0.15,
      "damage": 1,
      "randomness": 2.5,
      "particles": 2
    },
    "level3": {
      "tier": 3,
      "chiCost": 2.25,
      "cooldown": 145,
      "exhaustion": 3.0,
      "burnOut": 1.0,
      "burnOutRecoverTick": 1.0,
      "performanceAmount": 6,
      "fireTime": 3,
      "lifeTime": 14,
      "size": 1.0,
      "speed": 9,
      "knockback": 0.5,
      "chiOnHit": 0.175,
      "damage": 1.5,
      "randomness": 2.0,
      "particles": 2
    },
    "level4_1": {
      "tier": 4,
      "chiCost": 2.75,
      "cooldown": 150,
      "exhaustion": 3.5,
      "burnOut": 1.25,
      "burnOutRecoverTick": 1.25,
      "performanceAmount": 8,
      "fireTime": 3,
      "lifeTime": 8,
      "size": 1.25,
      "speed": 11,
      "knockback": 1,
      "chiOnHit": 0.25,
      "damage": 2.5,
      "randomness": 0.5,
      "particles": 3,
      "fadeR": 140,
      "fadeG": 90,
      "fadeB": 90
    },
    "level4_2": {
      "tier": 4,
      "chiCost": 2.5,
      "cooldown": 160,
      "exhaustion": 4.0,
      "burnOutPerTick": 1.5,
      "burnOutRecoverTick": 1.5,
      "performanceAmount": 9.0,
      "fireTime": 5,
      "lifeTime": 20,
      "size": 2,
      "speed": 8,
      "knockback": 0.5,
      "chiOnHit": 0.075,
      "damage": 1.5,
      "randomness": 2.5,
      "particles": 1,
      "fadeR": 255,
      "fadeG": 15,
      "fadeB": 5,
      "setsFires": true
    }
  }
}