{
  "custom_properties": {
    "xpOnHit": 2,
    "xpOnUse": 2,
    "level1": {
      "tier": 2,
      "chiCost": 3.0,
      "cooldown": 100,
      "exhaustion": 2.0,
      "burnOut": 10.0,
      "burnOutRecoverTick": 0.200,
      "performanceAmount": 6,
      "fireTime": 3,
      "size": 0.75,
      "speed": 4,
      "knockback": 2,
      "chiOnHit": 1.5,
      "damage": 2,
      "duration": 15,
      "fireR": 255,
      "fireB": 15,
      "fireG": 5,
      "fadeR": 255,
      "fadeG": 15,
      "fadeB": 5,
      "fallAbsorption": 3,
      "stopShockwave": false,
      "jetStream": false
    },
    "level2": {
      "tier": 2,
      "chiCost": 4,
      "cooldown": 120,
      "exhaustion": 3.0,
      "burnOut": 15.0,
      "burnOutRecoverTick": 0.300,
      "performanceAmount": 7,
      "fireTime": 4,
      "size": 1,
      "speed": 5,
      "knockback": 3,
      "chiOnHit": 1.625,
      "damage": 3,
      "duration": 20,
      "fallAbsorption": 4
    },
    "level3": {
      "tier": 3,
      "chiCost": 5,
      "cooldown": 130,
      "exhaustion": 4.0,
      "burnOut": 20.0,
      "burnOutRecoverTick": 0.350,
      "performanceAmount": 8,
      "fireTime": 5,
      "size": 1.25,
      "speed": 4,
      "knockback": 4,
      "chiOnHit": 1.75,
      "damage": 6,
      "duration": 30,
      "fallAbsorption": 5,
      "stopShockwave": true
    },
    "level4_1": {
      "tier": 4,
      "chiCost": 4,
      "cooldown": 60,
      "exhaustion": 3.5,
      "burnOut": 25.0,
      "burnOutRecoverTick": 0.400,
      "performanceAmount": 10,
      "fireTime": 6,
      "size": 1.5,
      "speed": 8,
      "knockback": 5,
      "chiOnHit": 1.875,
      "damage": 3.5,
      "duration": 20,
      "fallAbsorption": 8,
      "stopShockwave": true
    },
    "level4_2": {
      "tier": 4,
      "chiCost": 6,
      "cooldown": 120,
      "exhaustion": 5.0,
      "burnOut": 30.0,
      "burnOutRecoverTick": 0.450,
      "performanceAmount": 15,
      "fireTime": 7,
      "size": 1.25,
      "speed": 5,
      "knockback": 6,
      "chiOnHit": 2.0,
      "damage": 6,
      "duration": 50,
      "fadeR": 190,
      "fadeB": 70,
      "fadeG": 40,
      "fallAbsorption": 12,
      "stopShockwave": false,
      "jetStream": true
    }
  }
}