{
  "custom_properties": {
    "xpOnHit": 2,
    "level1": {
      "tier": 2,
      "chiCost": 2.5,
      "cooldown": 45,
      "exhaustion": 2.0,
      "burnOut": 8,
      "burnOutRecoverTick": 0.5,
      "performanceAmount": 7,
      "fireTime": 4,
      "lifeTime": 10,
      "size": 1.5,
      "speed": 5,
      "knockback": 1.5,
      "chiOnHit": 0.5,
      "damage": 3,
      "numberOfStrikes": 2,
      "fireR": 255,
      "fireG": 50,
      "fireB": 25,
      "fadeR": 255,
      "fadeG": 55,
      "fadeB": 25,
      "setsFires": false,
      "smelts": true
    },
    "level2": {
      "tier": 2,
      "chiCost": 2.75,
      "cooldown": 44,
      "exhaustion": 3,
      "burnOut": 10,
      "burnOutRecoverTick": 0.5,
      "performanceAmount": 9,
      "fireTime": 6,
      "lifeTime": 11,
      "size": 2.5,
      "speed": 5.5,
      "knockback": 2,
      "chiOnHit": 0.75,
      "damage": 3.5
    },
    "level3": {
      "tier": 3,
      "chiCost": 3.25,
      "cooldown": 42,
      "exhaustion": 3.0,
      "burnOut": 14,
      "burnOutRecoverTick": 0.75,
      "performanceAmount": 15,
      "fireTime": 8,
      "lifeTime": 13,
      "size": 2.75,
      "speed": 6,
      "knockback": 3,
      "chiOnHit": 0.75,
      "damage": 4,
      "numberOfStrikes": 3
    },
    "level4_1": {
      "tier": 4,
      "chiCost": 3.75,
      "cooldown": 60,
      "exhaustion": 3.5,
      "burnOut": 16,
      "burnOutRecoverTick": 0.75,
      "performanceAmount": 14,
      "fireTime": 12,
      "lifeTime": 18,
      "size": 1.75,
      "speed": 7,
      "knockback": 2.25,
      "chiOnHit": 0.5,
      "damage": 4.52,
      "numberOfStrikes": 5,
      "setsFires": true
    },
    "level4_2": {
      "tier": 4,
      "chiCost": 4.5,
      "cooldown": 60,
      "exhaustion": 4.0,
      "burnOut": 20,
      "burnOutRecoverTick": 1,
      "performanceAmount": 15,
      "fireTime": 15,
      "lifeTime": 12,
      "size": 4,
      "speed": 10,
      "knockback": 5,
      "chiOnHit": 1,
      "damage": 4,
      "fadeR": 140,
      "fadeG": 90,
      "fadeB": 90,
      "setsFires": false
    }
  }
}