{
  "custom_properties": {
    "xpOnHit": 2,
    "xpOnUse": 2,
    "level1": {
      "tier": 1,
      "chiCost": 3.0,
      "cooldown": 70,
      "exhaustion": 2.5,
      "burnOut": 16.0,
      "burnOutRecoverTick": 0.14,
      "performanceAmount": 12,
      "lifeTime": 60,
      "size": 0.675,
      "speed": 5,
      "knockback": 0.75,
      "chiOnHit": 0.9,
      "damage": 2,
      "explosionSize": 1,
      "explosionDamage": 1,
      "waterLevel": 3,
      "waterAmount": 3,
      "sourceRange": 2,
      "sourceAngles": 45,
      "chargeFrequency": 5,
      "chargeAmount": 1,
      "effectRadius": 1.5,
      "range": 1.5,
      "maxRadius": 4,
      "maxRange": 4,
      "sphere": false,
      "infiniteWater": false,
      "plantbend": false,
      "burst": false
    },
    "level2": {
      "tier": 1,
      "chiCost": 3.25,
      "cooldown": 100,
      "exhaustion": 2.5,
      "burnOut": 19.0,
      "burnOutRecoverTick": 0.18,
      "performanceAmount": 15,
      "lifeTime": 70,
      "size": 0.875,
      "speed": 7,
      "knockback": 1,
      "chiOnHit": 1.1,
      "damage": 3,
      "sourceRange": 3,
      "effectRadius": 2,
      "range": 1.75,
      "maxRadius": 4.5,
      "maxRange": 4.5
    },
    "level3": {
      "tier": 2,
      "chiCost": 3.5,
      "cooldown": 95,
      "exhaustion": 3.0,
      "burnOut": 25.0,
      "burnOutRecoverTick": 0.2,
      "performanceAmount": 20,
      "lifeTime": 80,
      "size": 1.125,
      "speed": 10,
      "knockback": 2,
      "chiOnHit": 1.25,
      "damage": 5,
      "sourceRange": 5,
      "effectRadius": 2.5,
      "range": 2,
      "maxRadius": 5,
      "maxRange": 5,
      "plantbend": true
    },
    "level4_1": {
      "tier": 3,
      "chiCost": 3.75,
      "cooldown": 80,
      "exhaustion": 3.5,
      "burnOut": 25.0,
      "burnOutRecoverTick": 0.3,
      "performanceAmount": 25,
      "lifeTime": 60,
      "size": 1.25,
      "speed": 12,
      "knockback": 4,
      "chiOnHit": 1.875,
      "damage": 7,
      "chargeTime": 70,
      "explosionSize": 3,
      "explosionDamage": 4,
      "sourceRange": 4,
      "chargeFrequency": 4,
      "effectRadius": 2.5,
      "range": 2,
      "maxRadius": 6,
      "maxRange": 6,
      "waterLevel": 8,
      "burst": true
    },
    "level4_2": {
      "tier": 3,
      "chiCost": 4.0,
      "cooldown": 90,
      "exhaustion": 4.0,
      "burnOut": 33.0,
      "burnOutRecoverTick": 0.35,
      "performanceAmount": 30,
      "lifeTime": 80,
      "size": 1.75,
      "speed": 6,
      "knockback": 3,
      "chiOnHit": 1.9,
      "damage": 5,
      "explosionSize": 2,
      "explosionDamage": 1,
      "sourceRange": 6,
      "chargeFrequency": 10,
      "effectRadius": 3.5,
      "range": 3,
      "maxRadius": 4.5,
      "maxRange": 4.5,
      "sphere": true,
      "infiniteWater": true,
      "burst": false
    }
  }
}