{
  "custom_properties": {
    "xpOnUse": 2,
    "level1": {
      "tier": 1,
      "parentTier": 4,
      "chiCost": 3.0,
      "cooldown": 0,
      "exhaustion": 2.0,
      "burnOut": 10.0,
      "burnOutRecoverTick": 0.5,
      "performanceAmount": 20
    },
    "level2": {
      "tier": 1,
      "parentTier": 4,
      "chiCost": 3.25,
      "cooldown": 5,
      "exhaustion": 2.5,
      "burnOut": 15.0,
      "burnOutRecoverTick": 0.75,
      "performanceAmount": 25
    },
    "level3": {
      "tier": 2,
      "parentTier": 5,
      "chiCost": 3.5,
      "cooldown": 10,
      "exhaustion": 3.0,
      "burnOut": 20.0,
      "burnOutRecoverTick": 1.0,
      "performanceAmount": 30
    },
    "level4_1": {
      "tier": 3,
      "parentTier": 6,
      "chiCost": 3.75,
      "cooldown": 15,
      "exhaustion": 3.5,
      "burnOut": 25.0,
      "burnOutRecoverTick": 1.25,
      "performanceAmount": 35
    },
    "level4_2": {
      "tier": 3,
      "parentTier": 6,
      "chiCost": 4.0,
      "cooldown": 20,
      "exhaustion": 4.0,
      "burnOut": 30.0,
      "burnOutRecoverTick": 1.5,
      "performanceAmount": 40
    }
  }
}