{
  "custom_properties": {
    "xpOnUse": 2,
    "level1": {
      "tier": 5,
      "chiCost": 4.0,
      "cooldown": 200,
      "exhaustion": 4.0,
      "burnOut": 35.0,
      "burnOutRecoverTick": 0.17,
      "duration": 100,
      "powerrating": 30,
      "projectileIncineration": false,
      "fireChance": 40,
      "healthLevel": 0,
      "healthDuration": 0,
      "speedLevel": 0,
      "speedDuration": 0,
      "strengthLevel": 1,
      "strengthDuration": 75,
      "fireR": 255,
      "fireG": 95,
      "fireB": 14,
      "fadeR": 255,
      "fadeG": 95,
      "fadeB": 14
    },
    "level2": {
      "tier": 5,
      "chiCost": 4.5,
      "cooldown": 210,
      "exhaustion": 4.5,
      "burnOut": 40.0,
      "burnOutRecoverTick": 0.19,
      "duration": 120,
      "speedLevel": 1,
      "powerrating": 45,
      "speedDuration": 100,
      "strengthLevel": 1,
      "strengthDuration": 90,
      "fireChance": 37,
      "fadeR": 253,
      "fadeG": 80,
      "fadeB": 16
    },
    "level3": {
      "tier": 6,
      "chiCost": 5.0,
      "cooldown": 215,
      "exhaustion": 5.0,
      "burnOut": 45.0,
      "burnOutRecoverTick": 0.2,
      "duration": 140,
      "speedLevel": 1.5,
      "powerrating": 60,
      "speedDuration": 130,
      "strengthLevel": 2,
      "strengthDuration": 105,
      "fireChance": 35,
      "fadeR": 252,
      "fadeG": 65,
      "fadeB": 18
    },
    "level4_1": {
      "tier": 7,
      "chiCost": 5.5,
      "cooldown": 220,
      "exhaustion": 5.5,
      "burnOut": 55.0,
      "burnOutRecoverTick": 0.24,
      "duration": 200,
      "healthLevel": 2,
      "speedLevel": 2,
      "powerrating": 80,
      "healthDuration": 190,
      "speedDuration": 190,
      "strengthLevel": 3,
      "strengthDuration": 150,
      "fireChance": 0,
      "fadeR": 140,
      "fadeG": 90,
      "fadeB": 90
    },
    "level4_2": {
      "tier": 7,
      "chiCost": 6.0,
      "cooldown": 200,
      "exhaustion": 6.0,
      "burnOut": 50.0,
      "burnOutRecoverTick": 0.24,
      "duration": 150,
      "speedLevel": 3,
      "powerrating": 95,
      "speedDuration": 140,
      "strengthLevel": 4,
      "strengthDuration": 112,
      "projectileIncineration": true,
      "fireChance": 50,
      "fadeR": 250,
      "fadeG": 45,
      "fadeB": 20
    }
  }
}