{
  "custom_properties": {
    "xpOnHit": 2,
    "level1": {
      "tier": 2,
      "parentTier": 4,
      "chiCost": 3.0,
      "cooldown": 0,
      "exhaustion": 2.0,
      "burnOut": 10.0,
      "burnOutRecoverTick": 0.5,
      "performanceAmount": 20,
      "lifeTime": 20,
      "size": 0.5,
      "speed": 5,
      "knockback": 2,
      "chiOnHit": 1.5,
      "damage": 4,
      "chargeTime": 40
    },
    "level2": {
      "tier": 2,
      "parentTier": 4,
      "chiCost": 3.25,
      "cooldown": 5,
      "exhaustion": 2.5,
      "burnOut": 15.0,
      "burnOutRecoverTick": 0.75,
      "performanceAmount": 25,
      "lifeTime": 25,
      "size": 0.75,
      "speed": 7,
      "knockback": 3,
      "chiOnHit": 1.625,
      "damage": 5,
      "chargeTime": 35
    },
    "level3": {
      "tier": 3,
      "parentTier": 5,
      "chiCost": 3.5,
      "cooldown": 10,
      "exhaustion": 3.0,
      "burnOut": 20.0,
      "burnOutRecoverTick": 1.0,
      "performanceAmount": 30,
      "lifeTime": 30,
      "size": 1.0,
      "speed": 9,
      "knockback": 4,
      "chiOnHit": 1.75,
      "damage": 6,
      "chargeTime": 30
    },
    "level4_1": {
      "tier": 4,
      "parentTier": 6,
      "chiCost": 3.75,
      "cooldown": 15,
      "exhaustion": 3.5,
      "burnOut": 25.0,
      "burnOutRecoverTick": 1.25,
      "performanceAmount": 35,
      "lifeTime": 35,
      "size": 1.25,
      "speed": 11,
      "knockback": 5,
      "chiOnHit": 1.875,
      "damage": 7,
      "chargeTime": 25
    },
    "level4_2": {
      "tier": 4,
      "parentTier": 6,
      "chiCost": 4.0,
      "cooldown": 20,
      "exhaustion": 4.0,
      "burnOut": 30.0,
      "burnOutRecoverTick": 1.5,
      "performanceAmount": 40,
      "lifeTime": 40,
      "size": 1.5,
      "speed": 13,
      "knockback": 6,
      "chiOnHit": 2.0,
      "damage": 8,
      "chargeTime": 20
    }
  }
}