{
  "custom_properties": {
    "xpOnHit": 2,
    "level1": {
      "tier": 2,
      "chiCost": 3.0,
      "cooldown": 90,
      "exhaustion": 2.0,
      "burnOut": 21.0,
      "burnOutRecoverTick": 0.175,
      "performanceAmount": 20,
      "lifeTime": 20,
      "size": 0.5,
      "speed": 4,
      "knockback": 1,
      "chiOnHit": 1.5,
      "damage": 5,
      "destruction": false,
      "dropEquipment": false,
      "wave": false
    },
    "level2": {
      "tier": 2,
      "chiCost": 3.25,
      "cooldown": 80,
      "exhaustion": 2.5,
      "burnOut": 25.0,
      "burnOutRecoverTick": 0.234,
      "performanceAmount": 25,
      "lifeTime": 25,
      "size": 0.75,
      "speed": 6,
      "knockback": 2,
      "chiOnHit": 1.625,
      "damage": 6
    },
    "level3": {
      "tier": 3,
      "chiCost": 3.5,
      "cooldown": 60,
      "exhaustion": 3.0,
      "burnOut": 30.0,
      "burnOutRecoverTick": 0.375,
      "performanceAmount": 30,
      "lifeTime": 35,
      "size": 1.0,
      "speed": 6,
      "knockback": 3,
      "chiOnHit": 1.75,
      "damage": 7
    },
    "level4_1": {
      "tier": 4,
      "chiCost": 6.0,
      "cooldown": 80,
      "exhaustion": 3.5,
      "burnOut": 40.0,
      "burnOutRecoverTick": 0.375,
      "performanceAmount": 40,
      "lifeTime": 40,
      "size": 1.25,
      "speed": 6,
      "knockback": 5,
      "chiOnHit": 2.875,
      "damage": 9,
      "destruction": true
    },
    "level4_2": {
      "tier": 4,
      "chiCost": 4.0,
      "cooldown": 70,
      "exhaustion": 3.0,
      "burnOut": 35.0,
      "burnOutRecoverTick": 0.375,
      "performanceAmount": 35,
      "lifeTime": 45,
      "speed": 7,
      "knockback": 4,
      "chiOnHit": 2.0,
      "damage": 7,
      "destruction": false,
      "dropEquipment": true,
      "wave": true
    }
  }
}