{
  "custom_properties": {
    "xpOnUse": 2,
    "level1": {
      "tier": 5,
      "chiCost": 4.0,
      "cooldown": 200,
      "exhaustion": 2.0,
      "burnOut": 35.0,
      "burnOutRecoverTick": 0.13,
      "duration": 100,
      "radius": 3,
      "chiBoost": 1,
      "chiRegenBoost": 0.5,
      "resistanceLevel": 1,
      "resistanceDuration": 95,
      "slownessLevel": 1,
      "slownessDuration": 95,
      "regenLevel": 0,
      "regenDuration": 0,
      "saturationLevel": 0,
      "saturationDuration": 0,
      "strengthLevel": 0,
      "strengthDuration": 0,
      "powerrating": 30
    },
    "level2": {
      "tier": 5,
      "chiCost": 4.25,
      "cooldown": 220,
      "exhaustion": 4.5,
      "burnOut": 40.0,
      "burnOutRecoverTick": 0.13,
      "duration": 120,
      "radius": 4,
      "chiBoost": 2,
      "chiRegenBoost": 1,
      "resistanceLevel": 1,
      "resistanceDuration": 110,
      "slownessLevel": 2,
      "slownessDuration": 110,
      "regenLevel": 1,
      "regenDuration": 110,
      "powerrating": 45
    },
    "level3": {
      "tier": 6,
      "chiCost": 4.5,
      "cooldown": 240,
      "exhaustion": 5.0,
      "burnOut": 45.0,
      "burnOutRecoverTick": 0.14,
      "duration": 140,
      "radius": 5,
      "chiBoost": 3,
      "chiRegenBoost": 1.5,
      "resistanceLevel": 1,
      "resistanceDuration": 110,
      "slownessLevel": 1,
      "slownessDuration": 130,
      "regenLevel": 2,
      "regenDuration": 110,
      "strengthLevel": 1,
      "strengthDuration": 130,
      "powerrating": 60
    },
    "level4_1": {
      "tier": 7,
      "chiCost": 5.25,
      "cooldown": 220,
      "exhaustion": 6.0,
      "burnOut": 55.0,
      "burnOutRecoverTick": 0.18,
      "duration": 150,
      "radius": 8,
      "chiBoost": 6,
      "chiRegenBoost": 2.5,
      "resistanceLevel": 2,
      "resistanceDuration": 140,
      "slownessLevel": 1,
      "slownessDuration": 140,
      "regenLevel": 1,
      "regenDuration": 120,
      "strengthLevel": 2,
      "strengthDuration": 140,
      "powerrating": 95
    },
    "level4_2": {
      "tier": 7,
      "chiCost": 5.75,
      "cooldown": 250,
      "exhaustion": 5.5,
      "burnOut": 50.0,
      "burnOutRecoverTick": 0.15,
      "duration": 200,
      "radius": 6,
      "chiBoost": 4,
      "chiRegenBoost": 3,
      "resistanceLevel": 1,
      "resistanceDuration": 190,
      "slownessLevel": 1,
      "slownessDuration": 190,
      "regenLevel": 2,
      "regenDuration": 175,
      "saturationLevel": 3,
      "saturationDuration": 60,
      "strengthLevel": 1,
      "strengthDuration": 190,
      "powerrating": 70
    }
  }
}