{
  "custom_properties": {
    "xpOnHit": 2,
    "level1": {
      "tier": 2,
      "parentTier": 4,
      "chiCost": 3.0,
      "cooldown": 35,
      "exhaustion": 2.5,
      "burnOut": 15.0,
      "burnOutRecoverTick": 0.35,
      "performanceAmount": 20,
      "lifeTime": 40,
      "size": 1.5,
      "speed": 5,
      "knockback": 2,
      "chiOnHit": 1.5,
      "damage": 0,
      "flungDamage": false,
      "contactDamage": false,
      "vulnerableAirbending": true
    },
    "level2": {
      "tier": 2,
      "parentTier": 4,
      "chiCost": 3.5,
      "cooldown": 50,
      "exhaustion": 3,
      "burnOut": 22.5,
      "burnOutRecoverTick": 0.45,
      "performanceAmount": 25,
      "lifeTime": 25,
      "size": 1.75,
      "speed": 7,
      "knockback": 3,
      "chiOnHit": 1.625,
      "damage": 0
    },
    "level3": {
      "tier": 3,
      "parentTier": 5,
      "chiCost": 3.75,
      "cooldown": 60,
      "exhaustion": 3.5,
      "burnOut": 20.0,
      "burnOutRecoverTick": 1.0,
      "performanceAmount": 30,
      "lifeTime": 30,
      "size": 2.0,
      "speed": 9,
      "knockback": 4,
      "chiOnHit": 1.75,
      "damage": 3,
      "flungDamage": true
    },
    "level4_1": {
      "tier": 4,
      "parentTier": 6,
      "chiCost": 4,
      "cooldown": 100,
      "exhaustion": 3.75,
      "burnOut": 25.0,
      "burnOutRecoverTick": 1.25,
      "performanceAmount": 35,
      "lifeTime": 35,
      "size": 2.0,
      "speed": 11,
      "knockback": 5,
      "chiOnHit": 1.875,
      "damage": 4,
      "vulnerableAirbending": false
    },
    "level4_2": {
      "tier": 4,
      "parentTier": 6,
      "chiCost": 4.5,
      "cooldown": 60,
      "exhaustion": 4.25,
      "burnOut": 30.0,
      "burnOutRecoverTick": 1.5,
      "performanceAmount": 40,
      "lifeTime": 100,
      "size": 3.0,
      "speed": 5,
      "knockback": 6,
      "chiOnHit": 2.0,
      "damage": 3,
      "vulnerableAirbending": true,
      "contactDamage": true
    }
  }
}