{
  "custom_properties": {
    "xpOnUse": 2,
    "level1": {
      "tier": 5,
      "chiCost": 4.0,
      "cooldown": 200,
      "exhaustion": 2.0,
      "burnOut": 35.0,
      "burnOutRecoverTick": 0.13,
      "performanceAmount": 20,
      "duration": 100,
      "powerrating": 30,
      "invisibleChance": 0,
      "jumpLevel": 0,
      "jumpDuration": 0,
      "speedLevel": 1,
      "speedDuration": 90,
      "strengthLevel": 0,
      "strengthDuration": 0,
      "walkOnAir": false
    },
    "level2": {
      "tier": 5,
      "chiCost": 4.25,
      "cooldown": 220,
      "exhaustion": 4.5,
      "burnOut": 40.0,
      "burnOutRecoverTick": 0.13,
      "performanceAmount": 25,
      "duration": 120,
      "powerrating": 45,
      "invisibleChance": 0,
      "jumpLevel": 1,
      "jumpDuration": 110,
      "speedLevel": 2,
      "speedDuration": 110
    },
    "level3": {
      "tier": 6,
      "chiCost": 4.5,
      "cooldown": 240,
      "exhaustion": 5.0,
      "burnOut": 45.0,
      "burnOutRecoverTick": 0.14,
      "performanceAmount": 30,
      "duration": 140,
      "powerrating": 60,
      "invisibleChance": 30,
      "jumpLevel": 2,
      "jumpDuration": 130,
      "speedLevel": 3,
      "speedDuration": 130
    },
    "level4_1": {
      "tier": 7,
      "chiCost": 5.75,
      "cooldown": 220,
      "exhaustion": 6.0,
      "burnOut": 55.0,
      "burnOutRecoverTick": 0.18,
      "performanceAmount": 40,
      "duration": 150,
      "powerrating": 95,
      "invisibleChance": 40,
      "jumpLevel": 2,
      "jumpDuration": 140,
      "speedLevel": 3,
      "speedDuration": 140,
      "strengthLevel": 2,
      "strengthDuration": 140
    },
    "level4_2": {
      "tier": 7,
      "chiCost": 5.0,
      "cooldown": 250,
      "exhaustion": 5.5,
      "burnOut": 50.0,
      "burnOutRecoverTick": 0.15,
      "performanceAmount": 35,
      "duration": 200,
      "powerrating": 70,
      "invisibleChance": 60,
      "speedLevel": 4,
      "speedDuration": 190,
      "strengthLevel": 0,
      "strengthDuration": 0,
      "walkOnAir": true
    }
  }
}