{
  "custom_properties": {
    "xpOnHit": 2,
    "level1": {
      "tier": 3,
      "chiCost": 3.0,
      "cooldown": 50,
      "exhaustion": 3.0,
      "burnOut": 15.0,
      "burnOutRecoverTick": 0.5,
      "performanceAmount": 15,
      "lifeTime": 35,
      "size": 0.85,
      "speed": 5,
      "knockback": 2,
      "chiOnHit": 1.5,
      "damage": 4,
      "chargeTime": 40,
      "sourceRange": 1,
      "sourceAngles": 45,
      "waterAmount": 1,
      "pullTime": 0,
      "coneWidth": 0,
      "burstRadius": 0,
      "burstRange": 0,
      "suctionStrength": 0,
      "effectRadius": 1,
      "effectLevel": -1,
      "explosionSize": 1,
      "explosionDamage": 1,
      "plantbend": false,
      "shield": false,
      "burst": false,
      "aoe": false,
      "pullsEnemies": false,
      "piercing": false
    },
    "level2": {
      "tier": 3,
      "chiCost": 3.25,
      "cooldown": 5,
      "exhaustion": 2.5,
      "burnOut": 15.0,
      "burnOutRecoverTick": 0.75,
      "performanceAmount": 25,
      "lifeTime": 30,
      "size": 1.0,
      "speed": 7,
      "knockback": 3,
      "chiOnHit": 1.625,
      "damage": 5,
      "chargeTime": 35,
      "sourceRange": 2,
      "sourceAngles": 45,
      "waterAmount": 2,
      "explosionSize": 1.25,
      "explosionDamage": 1.5
    },
    "level3": {
      "tier": 4,
      "chiCost": 3.5,
      "cooldown": 10,
      "exhaustion": 3.0,
      "burnOut": 20.0,
      "burnOutRecoverTick": 1.0,
      "performanceAmount": 30,
      "lifeTime": 30,
      "size": 1.25,
      "speed": 9,
      "knockback": 4,
      "chiOnHit": 1.75,
      "damage": 6,
      "chargeTime": 30,
      "sourceRange": 5,
      "sourceAngles": 45,
      "waterAmount": 3,
      "coneWidth": 30,
      "burstRadius": 2,
      "burstRange": 4,
      "explosionSize": 1.5,
      "explosionDamage": 2,
      "plantbend": true,
      "shield": true,
      "burst": true,
      "piercing": true
    },
    "level4_1": {
      "tier": 5,
      "chiCost": 3.75,
      "cooldown": 15,
      "exhaustion": 3.5,
      "burnOut": 25.0,
      "burnOutRecoverTick": 1.25,
      "performanceAmount": 35,
      "lifeTime": 35,
      "size": 1.15,
      "speed": 11,
      "knockback": 5,
      "chiOnHit": 1.875,
      "damage": 7,
      "chargeTime": 25,
      "sourceRange": 6,
      "pullTime": 10,
      "coneWidth": 45,
      "burstRadius": 3,
      "burstRange": 5,
      "suctionStrength": 0.0625,
      "effectLevel": 1,
      "explosionSize": 2,
      "explosionDamage": 2.5,
      "aoe": true,
      "pullsEnemies": true
    },
    "level4_2": {
      "tier": 5,
      "chiCost": 4.0,
      "cooldown": 20,
      "exhaustion": 4.0,
      "burnOut": 30.0,
      "burnOutRecoverTick": 1.5,
      "performanceAmount": 40,
      "lifeTime": 25,
      "size": 2,
      "speed": 13,
      "knockback": 6,
      "chiOnHit": 2.0,
      "damage": 9,
      "chargeTime": 20,
      "sourceRange": 9,
      "pullTime": 0,
      "coneWidth": 45,
      "burstRadius": 4,
      "burstRange": 7,
      "suctionStrength": 0,
      "explosionSize": 4,
      "explosionDamage": 6,
      "pullsEnemies": false
    }
  }
}