{
  "custom_properties": {
    "xpOnHit": 2,
    "level1": {
      "tier": 2,
      "chiCost": 3.0,
      "cooldown": 0,
      "exhaustion": 2.0,
      "burnOut": 10.0,
      "burnOutRecoverTick": 0.5,
      "performanceAmount": 20,
      "lifeTime": 40,
      "size": 0.75,
      "speed": 3,
      "knockback": 2,
      "chiOnHit": 1.5,
      "damage": 4,
      "sourceRange": 2,
      "sourceAngles": 5,
      "waterAmount": 1,
      "rideable": false,
      "grow": false,
      "pulls": false,
      "land": false,
      "plantbend": false
    },
    "level2": {
      "tier": 2,
      "chiCost": 3.25,
      "cooldown": 5,
      "exhaustion": 2.5,
      "burnOut": 15.0,
      "burnOutRecoverTick": 0.75,
      "performanceAmount": 25,
      "lifeTime": 50,
      "size": 1,
      "speed": 4,
      "knockback": 3,
      "chiOnHit": 1.625,
      "damage": 5
    },
    "level3": {
      "tier": 3,
      "chiCost": 3.5,
      "cooldown": 10,
      "exhaustion": 3.0,
      "burnOut": 20.0,
      "burnOutRecoverTick": 1.0,
      "performanceAmount": 30,
      "lifeTime": 60,
      "size": 1.25,
      "speed": 6,
      "knockback": 4,
      "chiOnHit": 1.75,
      "damage": 6,
      "sourceRange": 4,
      "rideable": true,
      "land": true,
      "plantbend": true
    },
    "level4_1": {
      "tier": 4,
      "chiCost": 3.75,
      "cooldown": 15,
      "exhaustion": 3.5,
      "burnOut": 25.0,
      "burnOutRecoverTick": 1.25,
      "performanceAmount": 35,
      "lifeTime": 60,
      "size": 1,
      "speed": 4,
      "knockback": 5,
      "chiOnHit": 1.875,
      "damage": 7,
      "grow": true
    },
    "level4_2": {
      "tier": 4,
      "chiCost": 4.0,
      "cooldown": 20,
      "exhaustion": 4.0,
      "burnOut": 30.0,
      "burnOutRecoverTick": 1.5,
      "performanceAmount": 40,
      "lifeTime": 120,
      "size": 1.5,
      "speed": 6,
      "knockback": 6,
      "chiOnHit": 2.0,
      "damage": 8,
      "grow": false,
      "pulls": true
    }
  }
}